origin,vol_cbm,weight_ton,partner_longitude,partner_latitude,kecamatan
SO361178,0.20423945,0.02444,106.7700864,-6.2676543,KEBAYORAN LAMA
SO361163,0.163216,0.0150865,106.78534,-6.2588,KEBAYORAN BARU
SO361125,0.025688,0.008376,106.7694555,-6.3398821,PAMULANG
SO361120,0.040178,0.007972,106.968655,-6.3236821,GUNUNG PUTRI
SO361114,0.025688,0.025,106.8034571,-6.506065,CIBINONG
SO361108,0.25391896,0.041307,106.857655,-6.4066039,CILODONG
SO361105,0.260032,0.0289615,106.750359,-6.166054,KEMBANGAN
SO361090,0.27369,0.145784,106.559326,-6.2296927,CURUG
SO361070,0.0429572,0.0068600000000000006,106.5505919,-6.1989444,CURUG
SO361065,0.0952455,0.0192,106.7320894,-6.4163533,PARUNG
SO361063,0.0556445,0.022209,106.7666457,-6.3113362,CIPUTAT TIMUR
SO361054,0.025688,0.00165,106.6807605,-6.1511441,BENDA
SO361053,0.286508,0.018170000000000002,106.7112824,-6.2282294,CILEDUG
SO361050,0.199568,0.02124,106.7894057,-6.1614489,GROGOL PETAMBURAN
SO361048,0.4374265,0.10149599999999999,106.812646,-6.342256,JAGAKARSA
SO361042,1.171459844,0.63103700000000007,106.6840576,-6.2946434,SERPONG
SO361038,0.139469744,0.076864999999999989,106.6060421,-6.2207359,KELAPA DUA
SO361021,0.93658075,0.18880000000000002,106.6856142,-6.1812364,CIPONDOH
SO361015,0.930392068,0.21155600000000002,106.7713773,-6.3004239,CILANDAK
SO361018,0.043076,0.006181,106.726694,-6.1506724,CENGKARENG
SO361005,0.15926575,0.0336535,106.6467004,-6.2166755,PINANG
SO360994,0.408224,0.02892,106.728907,-6.239812,LARANGAN
SO360984,0.13713365,0.07062,106.668606,-6.290585,SERPONG
SO360982,0.1552398,0.051039,106.799795,-6.165631,GROGOL PETAMBURAN
SO360980,0.00889203,0.0068,106.7554948,-6.3219566,CIPUTAT TIMUR
SO360978,0.077782,0.01056,106.8371283,-6.4633466,CIBINONG
SO360975,0.82444154,0.31273500000000004,106.7897451,-6.3699112,LIMO
SO360967,0.00889203,0.0068,106.6711743,-6.0190497,TELUKNAGA
SO360963,0.058469625,0.0338,106.6752978,-6.1608418,BATUCEPER
SO360957,0.23330313,0.13507,106.6425437,-6.0786778,TELUKNAGA
SO360956,0.065582,0.02682,106.7889652,-6.4858084,BOJONG GEDE
SO360944,0.235552,0.036539999999999996,106.7519903,-6.2987655,CIPUTAT TIMUR
SO360926,1.167878568,0.271177,106.9026696,-6.2451237,DUREN SAWIT
SO360932,0.359632,0.039871000000000004,106.7078151,-6.3176901,CIPUTAT
SO360919,0.06837788,0.04324,106.6660742,-6.1525894,BENDA
SO360914,0.123864,0.02189,106.8309771,-6.41174,SUKMAJAYA
SO360910,0.17543875,0.079776,106.7303699,-6.2945109,CIPUTAT
SO360907,0.154225085,0.0993955,106.7523477,-6.1951399,KEMBANGAN
SO360905,0.025688,0.00035999999999999997,106.6123696,-6.1976511,KARAWACI
SO360904,0.0501382,0.018364000000000002,106.6223653,-6.2341684,KELAPA DUA
SO360901,1.142892,0.229,106.7932426,-6.3806581,LIMO
SO360893,0.160208675,0.118394,106.7304965,-6.2586222,PONDOK AREN
SO360890,0.179816,0.025254000000000002,106.6662099,-6.1368315,BENDA
SO360882,0.18771026,0.0712,106.7668407,-6.2025152,KEBON JERUK
SO360880,0.04446015,0.034,106.6804976,-6.1504433,BENDA
SO360878,0.0889812,0.0528,106.87272,-6.42479,TAPOS
SO360868,0.058805,0.017063,106.5299563,-6.1727034,PASARKEMIS
SO360864,0.13401625,0.049136000000000006,106.6541111,-6.1526126,BATUCEPER
SO360861,0.22335181,0.065816999999999987,106.625868,-6.2904571,PAGEDANGAN
SO360860,0.063673747,0.01973,106.8091728,-6.5201295,CIBINONG
SO360855,0.0416662,0.017628,106.5881987,-6.185509,CIBODAS
SO360848,0.27105005,0.11233,106.7197472,-6.3965585,GUNUNG SINDUR
SO360846,0.13074725,0.019603000000000002,106.6494836,-6.0666716,TELUKNAGA
SO360839,0.025688,0.00023999999999999998,106.7858757,-6.4500761,BOJONG GEDE
SO360824,0.5282295,0.3068,106.8503323,-6.314782,JAGAKARSA
SO360819,0.219152585,0.0152348,106.7010545,-6.2352626,CILEDUG
SO360816,0.278208,0.0192,106.81207,-6.38218,BEJI
SO360810,0.11589456,0.039327,106.7191609,-6.1731399,CENGKARENG
SO360809,0.2443345,0.038700000000000005,106.70912,-6.32457,PAMULANG
SO360790,0.908287568,0.16260400000000003,106.7247352,-6.153436,CENGKARENG
SO360803,0.06026803,0.050012,106.6992122,-6.3906917,GUNUNG SINDUR
SO360788,0.025688,0.009614000000000001,106.5338801,-6.1686422,PASARKEMIS
SO360783,0.04551536,0.019602,106.7882515,-6.5173641,TANAH SAREAL
SO360777,0.0556445,0.025685,106.6207079,-6.1246704,NEGLASARI
SO360769,0.11695256,0.020573,106.6951695,-6.5606911,CIAMPEA
SO360762,0.077064,0.012655,106.6037499,-6.183445,CIBODAS
SO360751,0.1422331,0.0389,106.743263,-6.231323,LARANGAN
SO360743,0.025688,0.003593,106.6122738,-6.1899584,KARAWACI
SO360739,0.547328,0.03642,106.5858175,-6.2481174,CURUG
SO360734,0.025688,0.0017,106.826545,-6.389533,BEJI
SO360730,0.21615336,0.0748563,106.5989457,-6.1678694,PERIUK
SO360720,1.771285113,0.48128930000000003,106.838652,-6.1636582,KEMAYORAN
SO360723,0.025688,0.002004,106.75103,-6.31982,CIPUTAT TIMUR
SO360717,0.127118,0.011810000000000001,106.730791,-6.301114,CIPUTAT TIMUR
SO360711,0.269642257,0.130448,106.8082072,-6.463617,BOJONG GEDE
SO360707,0.32346887,0.186628,106.5574863,-6.2548453,CURUG
SO360695,0.4347,0.03,106.7898765,-6.3732119,CINERE
SO360675,0.58063957,0.085130799999999993,106.5471852,-6.2505451,CURUG
SO360670,0.089185,0.01634,106.5886942,-6.2874809,LEGOK
SO360668,0.0574365,0.011579,106.686024,-6.234653,PONDOK AREN
SO360649,0.243967655,0.036184,106.780219,-6.4343995,SAWANGAN
SO360642,0.0556445,0.026061,106.5256729,-6.1838055,PASARKEMIS
SO360635,0.05052892,0.018936,106.702367,-6.1776938,CENGKARENG
SO360626,0.025688,0.0037240000000000003,106.7355088,-6.3097772,PAMULANG
SO360607,0.025688,0.00031,106.83676,-6.266665,PASAR MINGGU
SO360599,0.07151875,0.028064,106.6962423,-6.387608,GUNUNG SINDUR
SO360591,0.255021241,0.143,106.7649544,-6.2596871,PESANGGRAHAN
SO360589,0.37433096,0.119504,106.7060589,-6.2205558,KARANG TENGAH
SO360588,0.09524,0.011476,106.68482,-6.23388,PONDOK AREN
SO360581,0.02392,0.0132,106.5997493,-6.286123,PAGEDANGAN
SO360578,0.04762275,0.0096,106.643294,-6.3288403,CISAUK
SO360569,0.058901,0.008234,106.718043,-6.1499995,KALI DERES
SO360540,1.080752118,0.328071,106.8217728,-6.2405017,MAMPANG PRAPATAN
SO360555,0.0976145,0.014029999999999999,106.7813709,-6.185503,GROGOL PETAMBURAN
SO360553,0.025688,0.00294,106.6020538,-6.3439824,CISAUK
SO360547,0.1196754,0.0363,106.9414641,-6.3813983,GUNUNG PUTRI
SO360519,0.089185,0.017731999999999998,106.3891285,-6.2414623,CISOKA
SO360518,0.0152152,0.007,106.7282729,-6.2635332,PONDOK AREN
SO360496,0.0516656,0.01425,106.6942864,-6.3709836,GUNUNG SINDUR
SO360492,0.13605484,0.082200000000000009,106.7568391,-6.4133986,SAWANGAN
SO360488,0.26216525,0.065969,106.74458,-6.26515,PONDOK AREN
SO360485,0.081674,0.04833,106.5680785,-6.1580057,PASARKEMIS
SO360482,0.1739015,0.10019,106.800601,-6.257652,KEBAYORAN BARU
SO360480,0.6309035,0.170303,106.7010798,-6.3175386,SERPONG
SO360457,0.101304785,0.092769999999999991,106.7559116,-6.4194942,SAWANGAN
SO360455,0.044988585,0.076,106.7914413,-6.3520658,CINERE
SO360451,0.07266546,0.027800000000000002,106.573209,-6.2532139,CURUG
SO360450,0.4572852,0.088,106.83469,-6.38917,SUKMAJAYA
SO360449,0.025688,0.0011,106.5914107,-6.2764428,LEGOK
SO360439,0.412751,0.2154,106.820072,-6.3610326,BEJI
SO360430,0.393032585,0.026706800000000003,106.7839146,-6.4324684,SAWANGAN
SO360422,0.025688,0.006875,106.6952695,-6.0821683,KOSAMBI
SO360411,0.24916696,0.038785,106.7944244,-6.3120176,CILANDAK
SO360410,0.34388225,0.028165,106.7378986,-6.2866931,CIPUTAT TIMUR
SO360404,0.9109748,0.348,106.8447646,-6.3067293,JAGAKARSA
SO360402,0.04970675,0.0101,106.6524316,-6.1527842,BATUCEPER
SO360390,0.2245118,0.029251000000000003,106.82822,-6.34419,JAGAKARSA
SO360386,0.16016523,0.032884000000000004,106.7321205,-6.1534729,CENGKARENG
SO360384,0.08942,0.043393999999999995,106.73817,-6.14229,CENGKARENG
SO360374,0.127371,0.0453,106.6857856,-6.2317288,PONDOK AREN
SO360373,0.217895,0.039020000000000006,106.6918559,-6.2604232,PONDOK AREN
SO360372,0.11862625,0.013515000000000001,106.8260627,-6.3224762,PASAR MINGGU
SO360348,0.12759525,0.030594999999999997,106.8676014,-6.4128293,TAPOS
SO360345,0.283286,0.012962999999999999,106.727471,-6.2305693,LARANGAN
SO360340,0.025688,0.001655,106.5274541,-6.107655,RAJEG
SO360332,0.025688,0.00017,106.5229766,-6.1152323,RAJEG
SO360315,0.3635455,0.048219,106.7320167,-6.2783634,CIPUTAT TIMUR
SO360299,0.0966645,0.016575,106.6924774,-6.3746468,GUNUNG SINDUR
SO360296,0.1717565,0.049113,106.7061602,-6.2376832,CILEDUG
SO360289,0.388682,0.046973,106.7114553,-6.489514,KEMANG
SO360287,0.20325075,0.042466000000000004,106.7265833,-6.3475936,PAMULANG
SO360268,0.164004,0.0191175,106.7978672,-6.2890939,CILANDAK
SO360267,0.21188393,0.121374,106.7163545,-6.2418568,CILEDUG
SO360253,0.025688,0.00219,106.7596573,-6.2956642,CIPUTAT TIMUR
SO360251,0.05052892,0.015550000000000001,106.7074373,-6.3773042,GUNUNG SINDUR
SO360244,0.0574365,0.0066799999999999993,106.618543,-6.238657,KELAPA DUA
SO360243,0.07866184,0.0368,106.968772,-6.322076,GUNUNG PUTRI
SO360235,1.587425,0.32,106.5279875,-6.2280049,CIKUPA
SO360234,0.060702,0.023194,106.5480635,-6.1993874,CIKUPA
SO360213,0.060702,0.023194,106.6833101,-6.2360255,PONDOK AREN
SO360206,0.17507,0.09,106.8938623,-6.380323,CIMANGGIS
SO360200,0.112838,0.051192,106.75173,-6.29043,CIPUTAT TIMUR
SO360188,0.16097084,0.084441999999999989,106.6419294,-6.4548328,RUMPIN
SO360184,0.3168035,0.10514799999999999,106.8551715,-6.4073358,CILODONG
SO360181,0.05899,0.013594,106.8013076,-6.4960561,BOJONG GEDE
SO360173,0.025688,0.004024,106.5812466,-6.1946142,CIBODAS
SO360172,0.041228,0.013619999999999998,106.5829848,-6.3171973,LEGOK
SO360169,0.1485,0.076,106.5778065,-6.29968,LEGOK
SO360159,0.0574365,0.008474,106.642621,-6.338187,CISAUK
SO360158,0.250944,0.022213,106.85081,-6.3858647,SUKMAJAYA
SO360140,0.12505168,0.061,106.7710094,-6.3288142,PAMULANG
SO360119,0.1155575,0.061348,106.7683275,-6.508535,BOJONG GEDE
SO360108,0.025688,0.00156,106.5987853,-6.1442833,SEPATAN TIMUR
SO360106,0.51006025,0.13854,106.7296858,-6.1465044,CENGKARENG
SO360092,0.19156,0.028,106.7650321,-6.1641469,KEBON JERUK
SO360050,0.1809878,0.045200000000000004,106.7184311,-6.2517582,PONDOK AREN
SO360040,0.043892,0.00861,106.7747459,-6.4688417,TAJUR HALANG
SO360036,0.164004,0.015349999999999999,106.8402207,-6.4187325,SUKMAJAYA
SO360033,0.5122778,0.181066,106.822417,-6.3889766,BEJI
SO360032,0.11647443,0.060950000000000004,106.7689279,-6.3907972,PANCORAN MAS
SO360010,0.1497825,0.093,106.5261266,-6.0909607,RAJEG
SO360004,0.109020755,0.0302808,106.689978,-6.1327118,BENDA
SO359986,0.096364585,0.0175498,106.7925836,-6.5147275,SUKARAJA
SO359980,0.04156225,0.00426,106.7242136,-6.4373915,
SO359978,0.047918,0.006988,106.756064,-6.2743792,CIPUTAT TIMUR
SO359977,0.18611341,0.046244,106.7764968,-6.2093443,KEBON JERUK
SO359963,0.14904552,0.09,106.5268988,-6.1224578,RAJEG
SO359959,0.317485,0.064,106.7204345,-6.217591,KEMBANGAN
SO359954,0.05106,0.025,106.6054977,-6.179916,KARAWACI
SO359951,0.08351526,0.028331,106.5733238,-6.2004761,JATI UWUNG
SO359949,0.081916947,0.03214,106.8155214,-6.3647482,BEJI
SO359946,0.03458003,0.010816000000000001,106.793953,-6.483336,BOJONG GEDE
SO359938,0.1667205,0.042436999999999996,106.8664803,-6.4249663,TAPOS
SO359937,0.025688,0.0015069999999999999,106.6099059,-6.1647555,KARAWACI
SO359934,0.19166225,0.031351,106.7922343,-6.1618304,GROGOL PETAMBURAN
SO359933,0.17388,0.012,106.8023687,-6.3451324,JAGAKARSA
SO359924,0.295133,0.027308,106.70088,-6.231236,CILEDUG
SO359906,0.19086981,0.043533,106.7031727,-6.0990424,KALI DERES
SO359902,0.26355296,0.036686,106.7495251,-6.2311925,PESANGGRAHAN
SO359901,0.431792,0.062396,106.8291717,-6.3359342,JAGAKARSA
SO359890,0.139705585,0.0272768,106.7385451,-6.3619403,BOJONGSARI
SO359886,0.1254885,0.065183999999999992,106.696603,-6.296559,SERPONG
SO359881,0.148986,0.029526,106.7077735,-6.2388398,CILEDUG
SO359874,0.23254025,0.033786000000000004,106.7303726,-6.2625646,PONDOK AREN
SO359872,0.2443825,0.043668,106.6989226,-6.2408293,CILEDUG
SO359859,0.101249125,0.057832999999999996,106.6704712,-6.2721875,SERPONG UTARA
SO359857,0.025688,0.006689,106.9207493,-6.4414347,GUNUNG PUTRI
SO359849,0.07404792,0.029684000000000002,106.8396082,-6.4563469,CIBINONG
SO359845,0.172289,0.081484,106.6061473,-6.0929321,PAKUHAJI
SO359844,0.025688,0.00093,106.6717437,-6.0196913,TELUKNAGA
SO359836,0.13625045,0.046319000000000006,106.7606247,-6.2003531,KEMBANGAN
SO359830,0.24583282,0.069748,106.88037,-6.372393,CIMANGGIS
SO359823,0.6328137,0.3998,106.6889656,-6.3029561,SERPONG
SO359821,0.025688,0.0026720000000000003,106.6325129,-6.2167373,PINANG
SO359818,0.098138,0.017928,106.7939599,-6.3247773,CINERE
SO359816,0.41269768,0.21414,106.7388,-6.14207,CENGKARENG
SO359814,0.46781947,0.147209,106.7224345,-6.3583966,PAMULANG
SO359813,0.15622839,0.035987000000000005,106.7418291,-6.2909085,CIPUTAT TIMUR
SO359810,0.025688,0.00231,106.589464,-6.1825362,PERIUK
SO359801,0.1210805,0.059829,106.5264984,-6.1267355,RAJEG
SO359794,0.15147317,0.073543000000000011,106.798,-6.33968,CINERE
SO359793,0.3012182,0.11220000000000001,106.7503178,-6.1690139,KEMBANGAN
SO359792,0.0409032,0.008584,106.5680007,-6.244352,CURUG
SO359784,0.034508,0.012448,106.61056,-6.19311,KARAWACI
SO359765,0.2318232,0.0363893,106.5691694,-6.2784951,LEGOK
SO359763,0.0574365,0.008115,106.6137084,-6.2660102,PAGEDANGAN
SO359759,0.061799295,0.030281,106.6477407,-6.1738036,TANGERANG
SO359743,0.337807355,0.140292,106.8426397,-6.2827023,PASAR MINGGU
SO359741,0.20893142,0.069574,106.72881,-6.22422,KEMBANGAN
SO359736,0.3183,0.070485,106.8252395,-6.2796675,PASAR MINGGU
SO359725,0.33099457,0.084248999999999991,106.8739089,-6.3705262,CIMANGGIS
SO359724,0.43364278,0.05271,106.7289142,-6.239685,LARANGAN
SO359723,0.26800825,0.103443,106.7257629,-6.3461938,PAMULANG
SO359719,0.56800102,0.170875,106.781183,-6.488108,TAJUR HALANG
SO359713,0.17507,0.09,106.6333671,-6.1303749,NEGLASARI
SO359712,0.12653042,0.063,106.7216132,-6.2166801,KARANG TENGAH
SO359707,0.11575942,0.030411999999999998,106.5356963,-6.1443509,PASARKEMIS
SO359705,0.19519885,0.056938,106.6967941,-6.2439933,CILEDUG
SO359700,0.12923495,0.06839,106.715167,-6.240158,CILEDUG
SO359693,0.154128,0.010058,106.803209,-6.441913,CIPAYUNG
SO359687,0.15024475,0.032559,106.769566,-6.297911,CIPUTAT TIMUR
SO359686,0.10124396,0.024953499999999997,106.6175274,-6.2362008,KELAPA DUA
SO359682,0.03239775,0.0174,106.5654606,-6.1146568,SEPATAN
SO359681,0.06062001,0.0456,106.6084357,-6.1785819,KARAWACI
SO359673,0.10980005,0.035453000000000005,106.7127252,-6.1128384,KALI DERES
SO359669,0.154128,0.018675999999999998,106.6311098,-6.1850343,TANGERANG
SO359665,0.212933,0.034915999999999996,106.79623,-6.41469,CIPAYUNG
SO359660,0.3587008,0.0325,106.7944336,-6.3480757,JAGAKARSA
SO359659,0.138435,0.02653,106.7948829,-6.26207,KEBAYORAN BARU
SO359655,0.16097084,0.073235,106.8476591,-6.4223437,CILODONG
SO359652,0.313133,0.16262000000000001,106.811624,-6.42225,CIPAYUNG
SO359649,0.17227766,0.084006,106.8599643,-6.4585416,CIBINONG
SO359641,0.10568546,0.030542000000000003,106.8529116,-6.4099913,CILODONG
SO359637,0.13055925,0.055244999999999995,106.8078796,-6.3763631,BEJI
SO359635,0.95498405,0.371415,106.737559,-6.231568,LARANGAN
SO359623,0.200758,0.09182,106.837435,-6.3915434,SUKMAJAYA
SO359620,0.13073,0.056604,106.5732079,-6.200834,JATI UWUNG
SO359616,0.24039315,0.12659,106.7812724,-6.2087802,KEBON JERUK
SO359613,0.50316219,0.265992,106.7932761,-6.2574066,KEBAYORAN BARU
SO359605,0.15015,0.035171999999999995,106.6964341,-6.2194023,KARANG TENGAH
SO359600,0.11549942,0.061045,106.671165,-6.179317,BATUCEPER
SO359598,0.159191,0.037991,106.7871952,-6.5089656,BOJONG GEDE
SO359593,0.025688,0.007,107.0226127,-6.4385131,KLAPANUNGGAL
SO359589,0.2829471,0.107,106.83001,-6.324671,JAGAKARSA
SO359585,0.49812206,0.154451,106.8041314,-6.3181518,CINERE
SO359576,0.129,0.03,106.8315236,-6.301218,PASAR MINGGU
SO359575,0.87079925,0.2058,106.8690798,-6.4129375,TAPOS
SO359573,0.2141756,0.080090000000000008,106.7461988,-6.3847766,BOJONGSARI
SO359565,0.090629,0.036836,106.720507,-6.256333,PONDOK AREN
SO359562,0.26327,0.14,106.7607084,-6.3185078,CIPUTAT TIMUR
SO359560,0.025688,0.000871,106.6523453,-6.1717547,TANGERANG
SO359538,0.15802141,0.04555,106.5987827,-6.045523,PAKUHAJI
SO359537,0.17507,0.09,106.71295,-6.2229295,KARANG TENGAH
SO359536,3.1722758,1.0497400000000001,106.5802383,-6.2366981,CURUG
SO359530,0.025688,0.00115,106.5552453,-6.2247496,CIKUPA
SO359528,1.38688342,0.7516,106.789986,-6.450338,BOJONG GEDE
SO359525,0.43,0.1,106.4161223,-6.2184877,BALARAJA
SO359521,0.54197,0.191319,106.7704348,-6.23201,KEBAYORAN LAMA
SO359519,0.172,0.04,106.7997249,-6.3905135,PANCORAN MAS
SO359517,0.12637498,0.06515,106.7364644,-6.4989297,KEMANG
SO359516,0.12694741,0.0308,106.8166281,-6.410765,PANCORAN MAS
SO359507,1.19249532,0.1589758,106.812562,-6.3935547,PANCORAN MAS
SO359506,0.01670217,5.7999999999999995e-06,106.7040257,-6.1004357,KALI DERES
SO359504,0.13964038,0.071896,106.764154,-6.2025186,KEMBANGAN
SO359500,0.43,0.1,106.7759993,-6.2716408,KEBAYORAN LAMA
SO359498,0.06012245,0.02898,106.8436108,-6.4748675,CIBINONG
SO359496,0.557339,0.135075,106.7878718,-6.3789251,CINERE
SO359486,0.378093301,0.16348400000000002,106.7812859,-6.3561179,CINERE
SO359484,0.32453685,0.040091999999999996,106.7229529,-6.2204562,KEMBANGAN
SO359481,0.3136885,0.0964,106.7347194,-6.3762504,BOJONGSARI
SO359479,1.4932192,0.27405799999999997,106.86941,-6.382026,CIMANGGIS
SO359477,0.294798445,0.117155,106.7554747,-6.294643,CIPUTAT TIMUR
SO359476,0.225256,0.018953,106.7115701,-6.2761932,PONDOK AREN
SO359471,0.17507,0.09,106.8529352,-6.381883,SUKMAJAYA
SO359468,0.17507,0.09,106.737401,-6.128039,CENGKARENG
SO359467,1.91470144,0.5086066,106.865399,-6.4368734,TAPOS
SO359465,0.3274005,0.1698,106.6011826,-6.2075488,CIBODAS
SO359457,2.15,0.5,106.7363816,-6.3487415,PAMULANG
SO359452,0.233368,0.06,106.7989929,-6.4810748,BOJONG GEDE
SO359450,0.1161118,0.059257,106.7864473,-6.4476503,BOJONG GEDE
SO359449,0.18279925,0.0458,106.7123673,-6.2426429,CILEDUG
SO359446,1.0051188,0.14428,106.7277554,-6.2398318,LARANGAN
SO359444,2.38310376,0.825,106.76637,-6.40078,SAWANGAN
SO359443,17.2,4.0,106.7215289,-6.3124113,CIPUTAT
SO359442,2.337287465,0.524389,106.8230419,-6.4189773,SUKMAJAYA
SO359441,4.3,1.0,106.895996,-6.401955,TAPOS
SO359439,3.28015943,0.4522152,106.7592342,-6.1983083,KEMBANGAN
SO359434,4.3,1.0,106.8719958,-6.3797413,CIMANGGIS
SO359431,0.053681,0.023710000000000002,106.784288,-6.447878,BOJONG GEDE
SO359429,0.06725025,0.015425000000000001,106.6964433,-6.1685182,KALI DERES
SO359421,0.22974076,0.09179000000000001,106.723,-6.11388,KALI DERES
SO359418,0.20405,0.0968,106.7892108,-6.4953564,BOJONG GEDE
SO359417,0.54704,0.425,106.896044,-6.401937,TAPOS
SO359406,0.72464236,0.2350403,106.6959326,-6.169279,KALI DERES
SO359404,0.025688,0.010367000000000001,106.6838251,-6.1340484,BENDA
SO359401,0.171548,0.09642,106.7670195,-6.2202975,KEBON JERUK
SO359400,0.172,0.04,106.7044791,-6.2528224,CILEDUG
SO359398,0.1821672,0.053366,106.6799541,-6.2363922,PONDOK AREN
SO359389,0.025688,0.003953,106.7491161,-6.1433231,CENGKARENG
SO359381,0.369688,0.0832,106.7261263,-6.2490316,LARANGAN
SO359380,0.2532685,0.096512,106.6666527,-6.1619506,BATUCEPER
SO359375,0.15133925,0.0690395,106.595462,-6.3047115,LEGOK
SO359366,0.34816017,0.078193,106.6138092,-6.2341107,KELAPA DUA
SO359363,0.43,0.1,106.702967,-6.315348,SERPONG
SO359357,0.07678,0.021939,106.7527731,-6.2985361,CIPUTAT TIMUR
SO359353,0.025688,0.0064290000000000007,106.7057542,-6.122352,KALI DERES
SO359349,0.17589439,0.094854,106.8139351,-6.3125335,PASAR MINGGU
SO359348,0.13681117,0.0866078,106.6959326,-6.169279,KALI DERES
SO359345,0.025688,0.00081000000000000006,106.8052268,-6.4628622,BOJONG GEDE
SO359339,0.267205047,0.050816,106.5496489,-6.2861455,PANONGAN
SO359326,0.822636,0.096835499999999991,106.6664,-6.32805,SETU
SO359322,0.13073,0.061759999999999995,106.5510433,-6.2014401,CIKUPA
SO359314,0.179816,0.012058,106.7985176,-6.4170226,CIPAYUNG
SO359307,0.262605,0.135,106.7127987,-6.3242494,CIPUTAT
SO359305,0.200758,0.092,106.7954163,-6.2627458,KEBAYORAN BARU
SO359302,0.12996425,0.022019999999999998,106.8201298,-6.3864136,BEJI
SO359301,0.320805625,0.15293199999999998,106.7629477,-6.1916478,KEBON JERUK
SO359294,0.98460865,0.517988,106.7515531,-6.2263381,PESANGGRAHAN
SO359293,0.287074,0.12631900000000001,106.806145,-6.46585,BOJONG GEDE
SO359292,0.10190492,0.03889,106.7091993,-6.3445611,SERPONG
SO359287,0.052521,0.027,106.7262191,-6.1629415,CENGKARENG
SO359266,0.086195,0.028668,106.545232,-6.135388,PASARKEMIS
SO359264,0.087535,0.045,106.798776,-6.45421,BOJONG GEDE
SO359258,0.025688,0.0068550000000000008,106.8026056,-6.3185837,CINERE
SO359257,0.268055525,0.0778275,106.6758941,-6.24755,SERPONG UTARA
SO359254,0.54704,0.425,106.7580214,-6.2032196,KEMBANGAN
SO359237,0.593812,0.065,106.7333908,-6.2390016,LARANGAN
SO359230,0.07937125,0.016,106.8019721,-6.5058312,CIBINONG
SO359222,0.043195,0.017329,106.7125526,-6.1120816,KALI DERES
SO359221,0.1587425,0.032,106.846679,-6.2848073,PASAR MINGGU
SO359220,0.18279925,0.0458,106.682724,-6.231659,PONDOK AREN
SO359218,0.154128,0.0142385,106.7525183,-6.3416605,CIPUTAT
SO359215,0.1229638,0.065089,106.7056801,-6.2527527,CILEDUG
SO358901,0.078347,0.0158,106.7256058,-6.2625253,PONDOK AREN
SO359198,0.052521,0.027,106.7928645,-6.4697412,BOJONG GEDE
SO359197,0.3606896,0.155595,106.7948686,-6.2568086,KEBAYORAN BARU
SO359194,0.165825,0.040828,106.7971703,-6.2693374,CILANDAK
SO359191,0.11544,0.039779,106.6557194,-6.1704286,TANGERANG
SO359184,0.1281385,0.051877,106.6657703,-6.3044472,SERPONG
SO359183,0.35783646,0.17254,106.744508,-6.3946488,BOJONGSARI
SO359171,0.42670094,0.267172,106.809238,-6.2927231,PASAR MINGGU
SO359170,0.326688,0.0708,106.5536811,-6.2292319,CURUG
SO359156,0.07331075,0.01105,106.7810415,-6.4347606,
SO359135,0.1165839,0.0289953,106.7354695,-6.203899,KEMBANGAN
SO359115,0.051376,0.009125,106.8088504,-6.4480052,BOJONG GEDE
SO359108,0.43,0.1,106.672342,-6.164256,BATUCEPER
SO359106,0.274176,0.155,106.5974346,-6.185516,PERIUK
SO359101,0.43,0.1,106.8150705,-6.3044283,PASAR MINGGU
SO359099,0.11946984,0.057307000000000004,106.7584197,-6.3193178,CIPUTAT TIMUR
SO359095,0.142827467,0.046116500000000005,106.7083759,-6.3306165,PAMULANG
SO359093,0.17733446,0.12323,106.7680293,-6.1563707,CENGKARENG
SO359084,0.153045125,0.039475,106.813076,-6.427965,CIPAYUNG
SO359077,0.3587008,0.0325,106.7104602,-6.2324904,CILEDUG
SO359062,0.467195,0.110576,106.779799,-6.182458,KEBON JERUK
SO359059,0.5900718,0.158024,106.575524,-6.205678,JATI UWUNG
SO359046,0.215,0.05,106.8268989,-6.2989287,PASAR MINGGU
SO359045,0.187503,0.045049,106.6959404,-6.169188,KALI DERES
SO359040,0.14636035,0.043439,106.7916767,-6.1494853,GROGOL PETAMBURAN
SO359039,0.3863116,0.037948,106.7799855,-6.16937,GROGOL PETAMBURAN
SO359038,0.0519887,0.013585000000000002,106.680189,-6.1501093,BENDA
SO359037,0.050219,0.028454,106.8459918,-6.2774064,PASAR MINGGU
SO359036,0.0292545,0.009980000000000001,106.6763275,-6.0167522,TELUKNAGA
SO359025,0.14271392,0.048051,106.793366,-6.3289241,CINERE
SO359021,0.36595775,0.076596,106.6929553,-6.2772794,PONDOK AREN
SO359015,0.30903525,0.1284085,106.698419,-6.3580127,SETU
SO359005,0.047477,0.003912,106.629687,-6.219586,CIBODAS
SO358993,0.04757616,0.01819,106.8340885,-6.4687932,CIBINONG
SO358991,0.04156225,0.013746000000000001,106.6801421,-6.0907032,KOSAMBI
SO358987,0.203732994,0.097367000000000009,106.8139276,-6.3361412,JAGAKARSA
SO358986,0.05651478,0.016399999999999998,106.7066946,-6.3994766,GUNUNG SINDUR
SO358982,0.025688,0.006384,106.7193566,-6.1070863,KALI DERES
SO358978,1.10276925,0.149875,106.846858,-6.314486,JAGAKARSA
SO358974,0.00889203,0.0068,106.5664325,-6.2627422,CURUG
SO358970,0.17507,0.09,106.7890407,-6.2204423,KEBAYORAN LAMA
SO358962,0.06975545,0.033964,106.7858256,-6.491392,BOJONG GEDE
SO358960,0.60008861,0.17868,106.7696228,-6.2320348,KEBAYORAN LAMA
SO358950,0.06294892,0.023695,106.7354952,-6.4589096,TAJUR HALANG
SO358939,0.509862675,0.1245,106.7802564,-6.3285962,CINERE
SO358936,0.366235,0.22,106.769332,-6.187174,KEBON JERUK
SO358935,0.051104,0.024553000000000002,106.725209,-6.222742,KEMBANGAN
SO358929,0.120757085,0.10636,106.7610283,-6.2415367,PESANGGRAHAN
SO358923,0.07113624,0.0544,106.7074968,-6.2936396,CIPUTAT
SO358915,0.35014,0.18,106.7932798,-6.2587587,KEBAYORAN BARU
SO358911,0.025688,0.012897,106.7147266,-6.3529808,SETU
SO358899,0.35014,0.18,106.7708397,-6.4202379,SAWANGAN
SO358897,0.15126573,0.076237,106.71943,-6.16878,CENGKARENG
SO358890,0.038108,0.011514,106.7075124,-6.1556724,KALI DERES
SO358889,0.06632853,0.015666,106.7862815,-6.4455261,BOJONG GEDE
SO358887,0.00889203,0.0068,106.7059575,-6.397899,GUNUNG SINDUR
SO358874,0.2030735,0.113978,106.77144,-6.30528,CIPUTAT TIMUR
SO358869,0.12136792,0.0581,106.5749151,-6.184725,PERIUK
SO358867,0.1238696,0.066334,106.5291485,-6.1859434,PASARKEMIS
SO358865,0.06959403,0.02515,106.724227,-6.2555236,PONDOK AREN
